id	item_group_id	title	description	link	image_link	additional_image_link	availability	price	brand	condition	google_product_category	product_type	gender	age_group	color	size	size_system	material	shipping(country)	custom_label_0
mate-maa-tonga-crest-oversized-tee-black-s	mate-maa-tonga-crest-oversized-tee-black	Mate Ma'a Tonga Crest Oversized Tee – Black – S	A heavyweight oversized tee for Mate Ma'a Tonga fans. The front carries the Mate Ma'a Tonga Est. 1986 crest print in red and white; a PMN+ tapa band runs across the upper back. Cut from 7.5 oz 100% USA cotton with a relaxed body and dropped shoulder, it holds its shape wash after wash. Made for Rugby League World Cup 2026 and every Tonga game after it.	https://www.polynesianmusicnetwork.com/shop/mate-maa-tonga-crest-oversized-tee-black?size=S	https://www.polynesianmusicnetwork.com/shop/hires/mmt-oversized/mate-maa-tonga-crest-oversized-tee-black-front.webp	https://www.polynesianmusicnetwork.com/shop/hires/mmt-oversized/mate-maa-tonga-crest-oversized-tee-black-back.webp	out_of_stock	60.00 USD	PMN+	new	212	Mate Ma'a Tonga > Tees	unisex	adult	Black	S	US	100% cotton	US	RLWC 2026
mate-maa-tonga-crest-oversized-tee-black-m	mate-maa-tonga-crest-oversized-tee-black	Mate Ma'a Tonga Crest Oversized Tee – Black – M	A heavyweight oversized tee for Mate Ma'a Tonga fans. The front carries the Mate Ma'a Tonga Est. 1986 crest print in red and white; a PMN+ tapa band runs across the upper back. Cut from 7.5 oz 100% USA cotton with a relaxed body and dropped shoulder, it holds its shape wash after wash. Made for Rugby League World Cup 2026 and every Tonga game after it.	https://www.polynesianmusicnetwork.com/shop/mate-maa-tonga-crest-oversized-tee-black?size=M	https://www.polynesianmusicnetwork.com/shop/hires/mmt-oversized/mate-maa-tonga-crest-oversized-tee-black-front.webp	https://www.polynesianmusicnetwork.com/shop/hires/mmt-oversized/mate-maa-tonga-crest-oversized-tee-black-back.webp	out_of_stock	60.00 USD	PMN+	new	212	Mate Ma'a Tonga > Tees	unisex	adult	Black	M	US	100% cotton	US	RLWC 2026
mate-maa-tonga-crest-oversized-tee-black-l	mate-maa-tonga-crest-oversized-tee-black	Mate Ma'a Tonga Crest Oversized Tee – Black – L	A heavyweight oversized tee for Mate Ma'a Tonga fans. The front carries the Mate Ma'a Tonga Est. 1986 crest print in red and white; a PMN+ tapa band runs across the upper back. Cut from 7.5 oz 100% USA cotton with a relaxed body and dropped shoulder, it holds its shape wash after wash. Made for Rugby League World Cup 2026 and every Tonga game after it.	https://www.polynesianmusicnetwork.com/shop/mate-maa-tonga-crest-oversized-tee-black?size=L	https://www.polynesianmusicnetwork.com/shop/hires/mmt-oversized/mate-maa-tonga-crest-oversized-tee-black-front.webp	https://www.polynesianmusicnetwork.com/shop/hires/mmt-oversized/mate-maa-tonga-crest-oversized-tee-black-back.webp	out_of_stock	60.00 USD	PMN+	new	212	Mate Ma'a Tonga > Tees	unisex	adult	Black	L	US	100% cotton	US	RLWC 2026
mate-maa-tonga-crest-oversized-tee-black-xl	mate-maa-tonga-crest-oversized-tee-black	Mate Ma'a Tonga Crest Oversized Tee – Black – XL	A heavyweight oversized tee for Mate Ma'a Tonga fans. The front carries the Mate Ma'a Tonga Est. 1986 crest print in red and white; a PMN+ tapa band runs across the upper back. Cut from 7.5 oz 100% USA cotton with a relaxed body and dropped shoulder, it holds its shape wash after wash. Made for Rugby League World Cup 2026 and every Tonga game after it.	https://www.polynesianmusicnetwork.com/shop/mate-maa-tonga-crest-oversized-tee-black?size=XL	https://www.polynesianmusicnetwork.com/shop/hires/mmt-oversized/mate-maa-tonga-crest-oversized-tee-black-front.webp	https://www.polynesianmusicnetwork.com/shop/hires/mmt-oversized/mate-maa-tonga-crest-oversized-tee-black-back.webp	out_of_stock	60.00 USD	PMN+	new	212	Mate Ma'a Tonga > Tees	unisex	adult	Black	XL	US	100% cotton	US	RLWC 2026
mate-maa-tonga-crest-oversized-tee-black-2xl	mate-maa-tonga-crest-oversized-tee-black	Mate Ma'a Tonga Crest Oversized Tee – Black – 2XL	A heavyweight oversized tee for Mate Ma'a Tonga fans. The front carries the Mate Ma'a Tonga Est. 1986 crest print in red and white; a PMN+ tapa band runs across the upper back. Cut from 7.5 oz 100% USA cotton with a relaxed body and dropped shoulder, it holds its shape wash after wash. Made for Rugby League World Cup 2026 and every Tonga game after it.	https://www.polynesianmusicnetwork.com/shop/mate-maa-tonga-crest-oversized-tee-black?size=2XL	https://www.polynesianmusicnetwork.com/shop/hires/mmt-oversized/mate-maa-tonga-crest-oversized-tee-black-front.webp	https://www.polynesianmusicnetwork.com/shop/hires/mmt-oversized/mate-maa-tonga-crest-oversized-tee-black-back.webp	out_of_stock	60.00 USD	PMN+	new	212	Mate Ma'a Tonga > Tees	unisex	adult	Black	2XL	US	100% cotton	US	RLWC 2026
mate-maa-tonga-crest-oversized-tee-black-3xl	mate-maa-tonga-crest-oversized-tee-black	Mate Ma'a Tonga Crest Oversized Tee – Black – 3XL	A heavyweight oversized tee for Mate Ma'a Tonga fans. The front carries the Mate Ma'a Tonga Est. 1986 crest print in red and white; a PMN+ tapa band runs across the upper back. Cut from 7.5 oz 100% USA cotton with a relaxed body and dropped shoulder, it holds its shape wash after wash. Made for Rugby League World Cup 2026 and every Tonga game after it.	https://www.polynesianmusicnetwork.com/shop/mate-maa-tonga-crest-oversized-tee-black?size=3XL	https://www.polynesianmusicnetwork.com/shop/hires/mmt-oversized/mate-maa-tonga-crest-oversized-tee-black-front.webp	https://www.polynesianmusicnetwork.com/shop/hires/mmt-oversized/mate-maa-tonga-crest-oversized-tee-black-back.webp	out_of_stock	60.00 USD	PMN+	new	212	Mate Ma'a Tonga > Tees	unisex	adult	Black	3XL	US	100% cotton	US	RLWC 2026
mate-maa-tonga-crest-oversized-tee-black-4xl	mate-maa-tonga-crest-oversized-tee-black	Mate Ma'a Tonga Crest Oversized Tee – Black – 4XL	A heavyweight oversized tee for Mate Ma'a Tonga fans. The front carries the Mate Ma'a Tonga Est. 1986 crest print in red and white; a PMN+ tapa band runs across the upper back. Cut from 7.5 oz 100% USA cotton with a relaxed body and dropped shoulder, it holds its shape wash after wash. Made for Rugby League World Cup 2026 and every Tonga game after it.	https://www.polynesianmusicnetwork.com/shop/mate-maa-tonga-crest-oversized-tee-black?size=4XL	https://www.polynesianmusicnetwork.com/shop/hires/mmt-oversized/mate-maa-tonga-crest-oversized-tee-black-front.webp	https://www.polynesianmusicnetwork.com/shop/hires/mmt-oversized/mate-maa-tonga-crest-oversized-tee-black-back.webp	out_of_stock	60.00 USD	PMN+	new	212	Mate Ma'a Tonga > Tees	unisex	adult	Black	4XL	US	100% cotton	US	RLWC 2026
mate-maa-tonga-crest-oversized-tee-black-5xl	mate-maa-tonga-crest-oversized-tee-black	Mate Ma'a Tonga Crest Oversized Tee – Black – 5XL	A heavyweight oversized tee for Mate Ma'a Tonga fans. The front carries the Mate Ma'a Tonga Est. 1986 crest print in red and white; a PMN+ tapa band runs across the upper back. Cut from 7.5 oz 100% USA cotton with a relaxed body and dropped shoulder, it holds its shape wash after wash. Made for Rugby League World Cup 2026 and every Tonga game after it.	https://www.polynesianmusicnetwork.com/shop/mate-maa-tonga-crest-oversized-tee-black?size=5XL	https://www.polynesianmusicnetwork.com/shop/hires/mmt-oversized/mate-maa-tonga-crest-oversized-tee-black-front.webp	https://www.polynesianmusicnetwork.com/shop/hires/mmt-oversized/mate-maa-tonga-crest-oversized-tee-black-back.webp	out_of_stock	60.00 USD	PMN+	new	212	Mate Ma'a Tonga > Tees	unisex	adult	Black	5XL	US	100% cotton	US	RLWC 2026
toa-samoa-crest-oversized-tee-black-s	toa-samoa-crest-oversized-tee-black	Toa Samoa Crest Oversized Tee – Black – S	A heavyweight oversized tee for Toa Samoa fans. The front carries the Toa Samoa Est. 1986 crest print; a PMN+ tapa band runs across the upper back. Cut from 7.5 oz 100% USA cotton with a relaxed body and dropped shoulder. Built for Rugby League World Cup 2026 and every Samoa game after it.	https://www.polynesianmusicnetwork.com/shop/toa-samoa-crest-oversized-tee-black?size=S	https://www.polynesianmusicnetwork.com/shop/hires/toa-oversized/toa-samoa-crest-oversized-tee-black-front.webp	https://www.polynesianmusicnetwork.com/shop/hires/toa-oversized/toa-samoa-crest-oversized-tee-black-back.webp	out_of_stock	60.00 USD	PMN+	new	212	Toa Samoa > Tees	unisex	adult	Black	S	US	100% cotton	US	RLWC 2026
toa-samoa-crest-oversized-tee-black-m	toa-samoa-crest-oversized-tee-black	Toa Samoa Crest Oversized Tee – Black – M	A heavyweight oversized tee for Toa Samoa fans. The front carries the Toa Samoa Est. 1986 crest print; a PMN+ tapa band runs across the upper back. Cut from 7.5 oz 100% USA cotton with a relaxed body and dropped shoulder. Built for Rugby League World Cup 2026 and every Samoa game after it.	https://www.polynesianmusicnetwork.com/shop/toa-samoa-crest-oversized-tee-black?size=M	https://www.polynesianmusicnetwork.com/shop/hires/toa-oversized/toa-samoa-crest-oversized-tee-black-front.webp	https://www.polynesianmusicnetwork.com/shop/hires/toa-oversized/toa-samoa-crest-oversized-tee-black-back.webp	out_of_stock	60.00 USD	PMN+	new	212	Toa Samoa > Tees	unisex	adult	Black	M	US	100% cotton	US	RLWC 2026
toa-samoa-crest-oversized-tee-black-l	toa-samoa-crest-oversized-tee-black	Toa Samoa Crest Oversized Tee – Black – L	A heavyweight oversized tee for Toa Samoa fans. The front carries the Toa Samoa Est. 1986 crest print; a PMN+ tapa band runs across the upper back. Cut from 7.5 oz 100% USA cotton with a relaxed body and dropped shoulder. Built for Rugby League World Cup 2026 and every Samoa game after it.	https://www.polynesianmusicnetwork.com/shop/toa-samoa-crest-oversized-tee-black?size=L	https://www.polynesianmusicnetwork.com/shop/hires/toa-oversized/toa-samoa-crest-oversized-tee-black-front.webp	https://www.polynesianmusicnetwork.com/shop/hires/toa-oversized/toa-samoa-crest-oversized-tee-black-back.webp	out_of_stock	60.00 USD	PMN+	new	212	Toa Samoa > Tees	unisex	adult	Black	L	US	100% cotton	US	RLWC 2026
toa-samoa-crest-oversized-tee-black-xl	toa-samoa-crest-oversized-tee-black	Toa Samoa Crest Oversized Tee – Black – XL	A heavyweight oversized tee for Toa Samoa fans. The front carries the Toa Samoa Est. 1986 crest print; a PMN+ tapa band runs across the upper back. Cut from 7.5 oz 100% USA cotton with a relaxed body and dropped shoulder. Built for Rugby League World Cup 2026 and every Samoa game after it.	https://www.polynesianmusicnetwork.com/shop/toa-samoa-crest-oversized-tee-black?size=XL	https://www.polynesianmusicnetwork.com/shop/hires/toa-oversized/toa-samoa-crest-oversized-tee-black-front.webp	https://www.polynesianmusicnetwork.com/shop/hires/toa-oversized/toa-samoa-crest-oversized-tee-black-back.webp	out_of_stock	60.00 USD	PMN+	new	212	Toa Samoa > Tees	unisex	adult	Black	XL	US	100% cotton	US	RLWC 2026
toa-samoa-crest-oversized-tee-black-2xl	toa-samoa-crest-oversized-tee-black	Toa Samoa Crest Oversized Tee – Black – 2XL	A heavyweight oversized tee for Toa Samoa fans. The front carries the Toa Samoa Est. 1986 crest print; a PMN+ tapa band runs across the upper back. Cut from 7.5 oz 100% USA cotton with a relaxed body and dropped shoulder. Built for Rugby League World Cup 2026 and every Samoa game after it.	https://www.polynesianmusicnetwork.com/shop/toa-samoa-crest-oversized-tee-black?size=2XL	https://www.polynesianmusicnetwork.com/shop/hires/toa-oversized/toa-samoa-crest-oversized-tee-black-front.webp	https://www.polynesianmusicnetwork.com/shop/hires/toa-oversized/toa-samoa-crest-oversized-tee-black-back.webp	out_of_stock	60.00 USD	PMN+	new	212	Toa Samoa > Tees	unisex	adult	Black	2XL	US	100% cotton	US	RLWC 2026
toa-samoa-crest-oversized-tee-black-3xl	toa-samoa-crest-oversized-tee-black	Toa Samoa Crest Oversized Tee – Black – 3XL	A heavyweight oversized tee for Toa Samoa fans. The front carries the Toa Samoa Est. 1986 crest print; a PMN+ tapa band runs across the upper back. Cut from 7.5 oz 100% USA cotton with a relaxed body and dropped shoulder. Built for Rugby League World Cup 2026 and every Samoa game after it.	https://www.polynesianmusicnetwork.com/shop/toa-samoa-crest-oversized-tee-black?size=3XL	https://www.polynesianmusicnetwork.com/shop/hires/toa-oversized/toa-samoa-crest-oversized-tee-black-front.webp	https://www.polynesianmusicnetwork.com/shop/hires/toa-oversized/toa-samoa-crest-oversized-tee-black-back.webp	out_of_stock	60.00 USD	PMN+	new	212	Toa Samoa > Tees	unisex	adult	Black	3XL	US	100% cotton	US	RLWC 2026
toa-samoa-crest-oversized-tee-black-4xl	toa-samoa-crest-oversized-tee-black	Toa Samoa Crest Oversized Tee – Black – 4XL	A heavyweight oversized tee for Toa Samoa fans. The front carries the Toa Samoa Est. 1986 crest print; a PMN+ tapa band runs across the upper back. Cut from 7.5 oz 100% USA cotton with a relaxed body and dropped shoulder. Built for Rugby League World Cup 2026 and every Samoa game after it.	https://www.polynesianmusicnetwork.com/shop/toa-samoa-crest-oversized-tee-black?size=4XL	https://www.polynesianmusicnetwork.com/shop/hires/toa-oversized/toa-samoa-crest-oversized-tee-black-front.webp	https://www.polynesianmusicnetwork.com/shop/hires/toa-oversized/toa-samoa-crest-oversized-tee-black-back.webp	out_of_stock	60.00 USD	PMN+	new	212	Toa Samoa > Tees	unisex	adult	Black	4XL	US	100% cotton	US	RLWC 2026
toa-samoa-crest-oversized-tee-black-5xl	toa-samoa-crest-oversized-tee-black	Toa Samoa Crest Oversized Tee – Black – 5XL	A heavyweight oversized tee for Toa Samoa fans. The front carries the Toa Samoa Est. 1986 crest print; a PMN+ tapa band runs across the upper back. Cut from 7.5 oz 100% USA cotton with a relaxed body and dropped shoulder. Built for Rugby League World Cup 2026 and every Samoa game after it.	https://www.polynesianmusicnetwork.com/shop/toa-samoa-crest-oversized-tee-black?size=5XL	https://www.polynesianmusicnetwork.com/shop/hires/toa-oversized/toa-samoa-crest-oversized-tee-black-front.webp	https://www.polynesianmusicnetwork.com/shop/hires/toa-oversized/toa-samoa-crest-oversized-tee-black-back.webp	out_of_stock	60.00 USD	PMN+	new	212	Toa Samoa > Tees	unisex	adult	Black	5XL	US	100% cotton	US	RLWC 2026
mate-maa-tonga-676-tee-black-s	mate-maa-tonga-676-tee	Mate Ma'a Tonga 676 Tee – Black – S	The 676 tee in black. A large MATE MA'A TONGA 676 print fills the back in red and white, with a Six·Seven·Six badge on the chest and a PMN+ badge on the sleeve. 676 is Tonga's international calling code, worn here as a mark of home. Printed on a 5.3 oz 100% cotton midweight tee with a regular fit, from S to 5XL at one price.	https://www.polynesianmusicnetwork.com/shop/mate-maa-tonga-676-tee-black?size=S	https://www.polynesianmusicnetwork.com/shop/hires/mmt-676-black/mate-maa-tonga-676-tee-black-back.webp	https://www.polynesianmusicnetwork.com/shop/hires/mmt-676-black/mate-maa-tonga-676-tee-black-front.webp,https://www.polynesianmusicnetwork.com/shop/hires/mmt-676-black/mate-maa-tonga-676-tee-black-right.webp	in_stock	45.00 USD	PMN+	new	212	Mate Ma'a Tonga > Tees	unisex	adult	Black	S	US	100% cotton	US	RLWC 2026
mate-maa-tonga-676-tee-black-m	mate-maa-tonga-676-tee	Mate Ma'a Tonga 676 Tee – Black – M	The 676 tee in black. A large MATE MA'A TONGA 676 print fills the back in red and white, with a Six·Seven·Six badge on the chest and a PMN+ badge on the sleeve. 676 is Tonga's international calling code, worn here as a mark of home. Printed on a 5.3 oz 100% cotton midweight tee with a regular fit, from S to 5XL at one price.	https://www.polynesianmusicnetwork.com/shop/mate-maa-tonga-676-tee-black?size=M	https://www.polynesianmusicnetwork.com/shop/hires/mmt-676-black/mate-maa-tonga-676-tee-black-back.webp	https://www.polynesianmusicnetwork.com/shop/hires/mmt-676-black/mate-maa-tonga-676-tee-black-front.webp,https://www.polynesianmusicnetwork.com/shop/hires/mmt-676-black/mate-maa-tonga-676-tee-black-right.webp	in_stock	45.00 USD	PMN+	new	212	Mate Ma'a Tonga > Tees	unisex	adult	Black	M	US	100% cotton	US	RLWC 2026
mate-maa-tonga-676-tee-black-l	mate-maa-tonga-676-tee	Mate Ma'a Tonga 676 Tee – Black – L	The 676 tee in black. A large MATE MA'A TONGA 676 print fills the back in red and white, with a Six·Seven·Six badge on the chest and a PMN+ badge on the sleeve. 676 is Tonga's international calling code, worn here as a mark of home. Printed on a 5.3 oz 100% cotton midweight tee with a regular fit, from S to 5XL at one price.	https://www.polynesianmusicnetwork.com/shop/mate-maa-tonga-676-tee-black?size=L	https://www.polynesianmusicnetwork.com/shop/hires/mmt-676-black/mate-maa-tonga-676-tee-black-back.webp	https://www.polynesianmusicnetwork.com/shop/hires/mmt-676-black/mate-maa-tonga-676-tee-black-front.webp,https://www.polynesianmusicnetwork.com/shop/hires/mmt-676-black/mate-maa-tonga-676-tee-black-right.webp	in_stock	45.00 USD	PMN+	new	212	Mate Ma'a Tonga > Tees	unisex	adult	Black	L	US	100% cotton	US	RLWC 2026
mate-maa-tonga-676-tee-black-xl	mate-maa-tonga-676-tee	Mate Ma'a Tonga 676 Tee – Black – XL	The 676 tee in black. A large MATE MA'A TONGA 676 print fills the back in red and white, with a Six·Seven·Six badge on the chest and a PMN+ badge on the sleeve. 676 is Tonga's international calling code, worn here as a mark of home. Printed on a 5.3 oz 100% cotton midweight tee with a regular fit, from S to 5XL at one price.	https://www.polynesianmusicnetwork.com/shop/mate-maa-tonga-676-tee-black?size=XL	https://www.polynesianmusicnetwork.com/shop/hires/mmt-676-black/mate-maa-tonga-676-tee-black-back.webp	https://www.polynesianmusicnetwork.com/shop/hires/mmt-676-black/mate-maa-tonga-676-tee-black-front.webp,https://www.polynesianmusicnetwork.com/shop/hires/mmt-676-black/mate-maa-tonga-676-tee-black-right.webp	in_stock	45.00 USD	PMN+	new	212	Mate Ma'a Tonga > Tees	unisex	adult	Black	XL	US	100% cotton	US	RLWC 2026
mate-maa-tonga-676-tee-black-2xl	mate-maa-tonga-676-tee	Mate Ma'a Tonga 676 Tee – Black – 2XL	The 676 tee in black. A large MATE MA'A TONGA 676 print fills the back in red and white, with a Six·Seven·Six badge on the chest and a PMN+ badge on the sleeve. 676 is Tonga's international calling code, worn here as a mark of home. Printed on a 5.3 oz 100% cotton midweight tee with a regular fit, from S to 5XL at one price.	https://www.polynesianmusicnetwork.com/shop/mate-maa-tonga-676-tee-black?size=2XL	https://www.polynesianmusicnetwork.com/shop/hires/mmt-676-black/mate-maa-tonga-676-tee-black-back.webp	https://www.polynesianmusicnetwork.com/shop/hires/mmt-676-black/mate-maa-tonga-676-tee-black-front.webp,https://www.polynesianmusicnetwork.com/shop/hires/mmt-676-black/mate-maa-tonga-676-tee-black-right.webp	in_stock	45.00 USD	PMN+	new	212	Mate Ma'a Tonga > Tees	unisex	adult	Black	2XL	US	100% cotton	US	RLWC 2026
mate-maa-tonga-676-tee-black-3xl	mate-maa-tonga-676-tee	Mate Ma'a Tonga 676 Tee – Black – 3XL	The 676 tee in black. A large MATE MA'A TONGA 676 print fills the back in red and white, with a Six·Seven·Six badge on the chest and a PMN+ badge on the sleeve. 676 is Tonga's international calling code, worn here as a mark of home. Printed on a 5.3 oz 100% cotton midweight tee with a regular fit, from S to 5XL at one price.	https://www.polynesianmusicnetwork.com/shop/mate-maa-tonga-676-tee-black?size=3XL	https://www.polynesianmusicnetwork.com/shop/hires/mmt-676-black/mate-maa-tonga-676-tee-black-back.webp	https://www.polynesianmusicnetwork.com/shop/hires/mmt-676-black/mate-maa-tonga-676-tee-black-front.webp,https://www.polynesianmusicnetwork.com/shop/hires/mmt-676-black/mate-maa-tonga-676-tee-black-right.webp	in_stock	45.00 USD	PMN+	new	212	Mate Ma'a Tonga > Tees	unisex	adult	Black	3XL	US	100% cotton	US	RLWC 2026
mate-maa-tonga-676-tee-black-4xl	mate-maa-tonga-676-tee	Mate Ma'a Tonga 676 Tee – Black – 4XL	The 676 tee in black. A large MATE MA'A TONGA 676 print fills the back in red and white, with a Six·Seven·Six badge on the chest and a PMN+ badge on the sleeve. 676 is Tonga's international calling code, worn here as a mark of home. Printed on a 5.3 oz 100% cotton midweight tee with a regular fit, from S to 5XL at one price.	https://www.polynesianmusicnetwork.com/shop/mate-maa-tonga-676-tee-black?size=4XL	https://www.polynesianmusicnetwork.com/shop/hires/mmt-676-black/mate-maa-tonga-676-tee-black-back.webp	https://www.polynesianmusicnetwork.com/shop/hires/mmt-676-black/mate-maa-tonga-676-tee-black-front.webp,https://www.polynesianmusicnetwork.com/shop/hires/mmt-676-black/mate-maa-tonga-676-tee-black-right.webp	in_stock	45.00 USD	PMN+	new	212	Mate Ma'a Tonga > Tees	unisex	adult	Black	4XL	US	100% cotton	US	RLWC 2026
mate-maa-tonga-676-tee-black-5xl	mate-maa-tonga-676-tee	Mate Ma'a Tonga 676 Tee – Black – 5XL	The 676 tee in black. A large MATE MA'A TONGA 676 print fills the back in red and white, with a Six·Seven·Six badge on the chest and a PMN+ badge on the sleeve. 676 is Tonga's international calling code, worn here as a mark of home. Printed on a 5.3 oz 100% cotton midweight tee with a regular fit, from S to 5XL at one price.	https://www.polynesianmusicnetwork.com/shop/mate-maa-tonga-676-tee-black?size=5XL	https://www.polynesianmusicnetwork.com/shop/hires/mmt-676-black/mate-maa-tonga-676-tee-black-back.webp	https://www.polynesianmusicnetwork.com/shop/hires/mmt-676-black/mate-maa-tonga-676-tee-black-front.webp,https://www.polynesianmusicnetwork.com/shop/hires/mmt-676-black/mate-maa-tonga-676-tee-black-right.webp	in_stock	45.00 USD	PMN+	new	212	Mate Ma'a Tonga > Tees	unisex	adult	Black	5XL	US	100% cotton	US	RLWC 2026
toa-samoa-685-tee-black-s	toa-samoa-685-tee	Toa Samoa 685 Tee – Black – S	The 685 tee in black. A large TOA SAMOA 685 print fills the back, with a Six·Eight·Five badge on the chest and a PMN+ badge on the sleeve. 685 is Samoa's international calling code, worn as a mark of home. Printed on a 5.3 oz 100% cotton midweight tee with a regular fit, from S to 5XL at one price.	https://www.polynesianmusicnetwork.com/shop/toa-samoa-685-tee-black?size=S	https://www.polynesianmusicnetwork.com/shop/hires/toa-685-black/toa-samoa-685-tee-black-back.webp	https://www.polynesianmusicnetwork.com/shop/hires/toa-685-black/toa-samoa-685-tee-black-front.webp,https://www.polynesianmusicnetwork.com/shop/hires/toa-685-black/toa-samoa-685-tee-black-right.webp,https://www.polynesianmusicnetwork.com/shop/hires/toa-685-black/toa-samoa-685-tee-black-front-left.webp	in_stock	45.00 USD	PMN+	new	212	Toa Samoa > Tees	unisex	adult	Black	S	US	100% cotton	US	RLWC 2026
toa-samoa-685-tee-black-m	toa-samoa-685-tee	Toa Samoa 685 Tee – Black – M	The 685 tee in black. A large TOA SAMOA 685 print fills the back, with a Six·Eight·Five badge on the chest and a PMN+ badge on the sleeve. 685 is Samoa's international calling code, worn as a mark of home. Printed on a 5.3 oz 100% cotton midweight tee with a regular fit, from S to 5XL at one price.	https://www.polynesianmusicnetwork.com/shop/toa-samoa-685-tee-black?size=M	https://www.polynesianmusicnetwork.com/shop/hires/toa-685-black/toa-samoa-685-tee-black-back.webp	https://www.polynesianmusicnetwork.com/shop/hires/toa-685-black/toa-samoa-685-tee-black-front.webp,https://www.polynesianmusicnetwork.com/shop/hires/toa-685-black/toa-samoa-685-tee-black-right.webp,https://www.polynesianmusicnetwork.com/shop/hires/toa-685-black/toa-samoa-685-tee-black-front-left.webp	in_stock	45.00 USD	PMN+	new	212	Toa Samoa > Tees	unisex	adult	Black	M	US	100% cotton	US	RLWC 2026
toa-samoa-685-tee-black-l	toa-samoa-685-tee	Toa Samoa 685 Tee – Black – L	The 685 tee in black. A large TOA SAMOA 685 print fills the back, with a Six·Eight·Five badge on the chest and a PMN+ badge on the sleeve. 685 is Samoa's international calling code, worn as a mark of home. Printed on a 5.3 oz 100% cotton midweight tee with a regular fit, from S to 5XL at one price.	https://www.polynesianmusicnetwork.com/shop/toa-samoa-685-tee-black?size=L	https://www.polynesianmusicnetwork.com/shop/hires/toa-685-black/toa-samoa-685-tee-black-back.webp	https://www.polynesianmusicnetwork.com/shop/hires/toa-685-black/toa-samoa-685-tee-black-front.webp,https://www.polynesianmusicnetwork.com/shop/hires/toa-685-black/toa-samoa-685-tee-black-right.webp,https://www.polynesianmusicnetwork.com/shop/hires/toa-685-black/toa-samoa-685-tee-black-front-left.webp	in_stock	45.00 USD	PMN+	new	212	Toa Samoa > Tees	unisex	adult	Black	L	US	100% cotton	US	RLWC 2026
toa-samoa-685-tee-black-xl	toa-samoa-685-tee	Toa Samoa 685 Tee – Black – XL	The 685 tee in black. A large TOA SAMOA 685 print fills the back, with a Six·Eight·Five badge on the chest and a PMN+ badge on the sleeve. 685 is Samoa's international calling code, worn as a mark of home. Printed on a 5.3 oz 100% cotton midweight tee with a regular fit, from S to 5XL at one price.	https://www.polynesianmusicnetwork.com/shop/toa-samoa-685-tee-black?size=XL	https://www.polynesianmusicnetwork.com/shop/hires/toa-685-black/toa-samoa-685-tee-black-back.webp	https://www.polynesianmusicnetwork.com/shop/hires/toa-685-black/toa-samoa-685-tee-black-front.webp,https://www.polynesianmusicnetwork.com/shop/hires/toa-685-black/toa-samoa-685-tee-black-right.webp,https://www.polynesianmusicnetwork.com/shop/hires/toa-685-black/toa-samoa-685-tee-black-front-left.webp	in_stock	45.00 USD	PMN+	new	212	Toa Samoa > Tees	unisex	adult	Black	XL	US	100% cotton	US	RLWC 2026
toa-samoa-685-tee-black-2xl	toa-samoa-685-tee	Toa Samoa 685 Tee – Black – 2XL	The 685 tee in black. A large TOA SAMOA 685 print fills the back, with a Six·Eight·Five badge on the chest and a PMN+ badge on the sleeve. 685 is Samoa's international calling code, worn as a mark of home. Printed on a 5.3 oz 100% cotton midweight tee with a regular fit, from S to 5XL at one price.	https://www.polynesianmusicnetwork.com/shop/toa-samoa-685-tee-black?size=2XL	https://www.polynesianmusicnetwork.com/shop/hires/toa-685-black/toa-samoa-685-tee-black-back.webp	https://www.polynesianmusicnetwork.com/shop/hires/toa-685-black/toa-samoa-685-tee-black-front.webp,https://www.polynesianmusicnetwork.com/shop/hires/toa-685-black/toa-samoa-685-tee-black-right.webp,https://www.polynesianmusicnetwork.com/shop/hires/toa-685-black/toa-samoa-685-tee-black-front-left.webp	in_stock	45.00 USD	PMN+	new	212	Toa Samoa > Tees	unisex	adult	Black	2XL	US	100% cotton	US	RLWC 2026
toa-samoa-685-tee-black-3xl	toa-samoa-685-tee	Toa Samoa 685 Tee – Black – 3XL	The 685 tee in black. A large TOA SAMOA 685 print fills the back, with a Six·Eight·Five badge on the chest and a PMN+ badge on the sleeve. 685 is Samoa's international calling code, worn as a mark of home. Printed on a 5.3 oz 100% cotton midweight tee with a regular fit, from S to 5XL at one price.	https://www.polynesianmusicnetwork.com/shop/toa-samoa-685-tee-black?size=3XL	https://www.polynesianmusicnetwork.com/shop/hires/toa-685-black/toa-samoa-685-tee-black-back.webp	https://www.polynesianmusicnetwork.com/shop/hires/toa-685-black/toa-samoa-685-tee-black-front.webp,https://www.polynesianmusicnetwork.com/shop/hires/toa-685-black/toa-samoa-685-tee-black-right.webp,https://www.polynesianmusicnetwork.com/shop/hires/toa-685-black/toa-samoa-685-tee-black-front-left.webp	in_stock	45.00 USD	PMN+	new	212	Toa Samoa > Tees	unisex	adult	Black	3XL	US	100% cotton	US	RLWC 2026
toa-samoa-685-tee-black-4xl	toa-samoa-685-tee	Toa Samoa 685 Tee – Black – 4XL	The 685 tee in black. A large TOA SAMOA 685 print fills the back, with a Six·Eight·Five badge on the chest and a PMN+ badge on the sleeve. 685 is Samoa's international calling code, worn as a mark of home. Printed on a 5.3 oz 100% cotton midweight tee with a regular fit, from S to 5XL at one price.	https://www.polynesianmusicnetwork.com/shop/toa-samoa-685-tee-black?size=4XL	https://www.polynesianmusicnetwork.com/shop/hires/toa-685-black/toa-samoa-685-tee-black-back.webp	https://www.polynesianmusicnetwork.com/shop/hires/toa-685-black/toa-samoa-685-tee-black-front.webp,https://www.polynesianmusicnetwork.com/shop/hires/toa-685-black/toa-samoa-685-tee-black-right.webp,https://www.polynesianmusicnetwork.com/shop/hires/toa-685-black/toa-samoa-685-tee-black-front-left.webp	in_stock	45.00 USD	PMN+	new	212	Toa Samoa > Tees	unisex	adult	Black	4XL	US	100% cotton	US	RLWC 2026
toa-samoa-685-tee-black-5xl	toa-samoa-685-tee	Toa Samoa 685 Tee – Black – 5XL	The 685 tee in black. A large TOA SAMOA 685 print fills the back, with a Six·Eight·Five badge on the chest and a PMN+ badge on the sleeve. 685 is Samoa's international calling code, worn as a mark of home. Printed on a 5.3 oz 100% cotton midweight tee with a regular fit, from S to 5XL at one price.	https://www.polynesianmusicnetwork.com/shop/toa-samoa-685-tee-black?size=5XL	https://www.polynesianmusicnetwork.com/shop/hires/toa-685-black/toa-samoa-685-tee-black-back.webp	https://www.polynesianmusicnetwork.com/shop/hires/toa-685-black/toa-samoa-685-tee-black-front.webp,https://www.polynesianmusicnetwork.com/shop/hires/toa-685-black/toa-samoa-685-tee-black-right.webp,https://www.polynesianmusicnetwork.com/shop/hires/toa-685-black/toa-samoa-685-tee-black-front-left.webp	in_stock	45.00 USD	PMN+	new	212	Toa Samoa > Tees	unisex	adult	Black	5XL	US	100% cotton	US	RLWC 2026
mate-maa-tonga-high-profile-snapback-white-crimson-one-size	mate-maa-tonga-high-profile-snapback-white-crimson	Mate Ma'a Tonga High Profile Snapback – White/Crimson	A two-tone high-profile snapback with a white crown and crimson brim. The front reads Est. 1986 Mate Ma'a Tonga with the crest; the left side carries a Pasifika Polynesian Music patch, the right side PMN+ and the Tonga flag. Embroidered on all four sides, with a high-profile structured crown, flat brim and an adjustable snap closure.	https://www.polynesianmusicnetwork.com/shop/mate-maa-tonga-high-profile-snapback-white-crimson	https://www.polynesianmusicnetwork.com/shop/hires/mmt-hp-snapback/mate-maa-tonga-high-profile-snapback-white-crimson-front-right.webp	https://www.polynesianmusicnetwork.com/shop/hires/mmt-hp-snapback/mate-maa-tonga-high-profile-snapback-white-crimson-right.webp,https://www.polynesianmusicnetwork.com/shop/hires/mmt-hp-snapback/mate-maa-tonga-high-profile-snapback-white-crimson-front-left.webp,https://www.polynesianmusicnetwork.com/shop/hires/mmt-hp-snapback/mate-maa-tonga-high-profile-snapback-white-crimson-front.webp	in_stock	55.00 USD	PMN+	new	173	Mate Ma'a Tonga > Hats	unisex	adult	White/Crimson	One size	US		US	RLWC 2026
toa-samoa-high-profile-snapback-navy-white-one-size	toa-samoa-high-profile-snapback-navy-white	Toa Samoa High Profile Snapback – Navy/White	A two-tone high-profile snapback with a white crown and navy brim. The front reads Est. 1986 Toa Samoa with the crest; the left side carries a Pasifika Polynesian Music patch, the right side PMN+ and the Samoa flag. Embroidered on all four sides, with a high-profile structured crown, flat brim and an adjustable snap closure.	https://www.polynesianmusicnetwork.com/shop/toa-samoa-high-profile-snapback-navy-white	https://www.polynesianmusicnetwork.com/shop/hires/toa-hp-snapback/toa-samoa-high-profile-snapback-navy-white-front-right.webp	https://www.polynesianmusicnetwork.com/shop/hires/toa-hp-snapback/toa-samoa-high-profile-snapback-navy-white-right.webp,https://www.polynesianmusicnetwork.com/shop/hires/toa-hp-snapback/toa-samoa-high-profile-snapback-navy-white-left.webp,https://www.polynesianmusicnetwork.com/shop/hires/toa-hp-snapback/toa-samoa-high-profile-snapback-navy-white-front-left.webp,https://www.polynesianmusicnetwork.com/shop/hires/toa-hp-snapback/toa-samoa-high-profile-snapback-navy-white-front.webp	in_stock	55.00 USD	PMN+	new	173	Toa Samoa > Hats	unisex	adult	Navy/White	One size	US		US	RLWC 2026
mate-maa-tonga-676-tee-red-s	mate-maa-tonga-676-tee	Mate Ma'a Tonga 676 Tee – Red – S	The 676 tee in Tonga red. A large MATE MA'A TONGA 676 print fills the back, with a Six·Seven·Six badge on the chest and a PMN+ badge on the sleeve. 676 is Tonga's international calling code, worn as a mark of home. Printed on a 5.3 oz 100% cotton midweight tee with a regular fit, S to 5XL.	https://www.polynesianmusicnetwork.com/shop/mate-maa-tonga-676-tee-red?size=S	https://www.polynesianmusicnetwork.com/shop/hires/mmt-676-tee/mate-maa-tonga-676-tee-red-back.webp	https://www.polynesianmusicnetwork.com/shop/hires/mmt-676-tee/mate-maa-tonga-676-tee-red-front.webp,https://www.polynesianmusicnetwork.com/shop/hires/mmt-676-tee/mate-maa-tonga-676-tee-red-right.webp,https://www.polynesianmusicnetwork.com/shop/hires/mmt-676-tee/mate-maa-tonga-676-tee-red-front-left.webp	in_stock	45.00 USD	PMN+	new	212	Mate Ma'a Tonga > Tees	unisex	adult	Red	S	US	100% cotton	US	RLWC 2026
mate-maa-tonga-676-tee-red-m	mate-maa-tonga-676-tee	Mate Ma'a Tonga 676 Tee – Red – M	The 676 tee in Tonga red. A large MATE MA'A TONGA 676 print fills the back, with a Six·Seven·Six badge on the chest and a PMN+ badge on the sleeve. 676 is Tonga's international calling code, worn as a mark of home. Printed on a 5.3 oz 100% cotton midweight tee with a regular fit, S to 5XL.	https://www.polynesianmusicnetwork.com/shop/mate-maa-tonga-676-tee-red?size=M	https://www.polynesianmusicnetwork.com/shop/hires/mmt-676-tee/mate-maa-tonga-676-tee-red-back.webp	https://www.polynesianmusicnetwork.com/shop/hires/mmt-676-tee/mate-maa-tonga-676-tee-red-front.webp,https://www.polynesianmusicnetwork.com/shop/hires/mmt-676-tee/mate-maa-tonga-676-tee-red-right.webp,https://www.polynesianmusicnetwork.com/shop/hires/mmt-676-tee/mate-maa-tonga-676-tee-red-front-left.webp	in_stock	45.00 USD	PMN+	new	212	Mate Ma'a Tonga > Tees	unisex	adult	Red	M	US	100% cotton	US	RLWC 2026
mate-maa-tonga-676-tee-red-l	mate-maa-tonga-676-tee	Mate Ma'a Tonga 676 Tee – Red – L	The 676 tee in Tonga red. A large MATE MA'A TONGA 676 print fills the back, with a Six·Seven·Six badge on the chest and a PMN+ badge on the sleeve. 676 is Tonga's international calling code, worn as a mark of home. Printed on a 5.3 oz 100% cotton midweight tee with a regular fit, S to 5XL.	https://www.polynesianmusicnetwork.com/shop/mate-maa-tonga-676-tee-red?size=L	https://www.polynesianmusicnetwork.com/shop/hires/mmt-676-tee/mate-maa-tonga-676-tee-red-back.webp	https://www.polynesianmusicnetwork.com/shop/hires/mmt-676-tee/mate-maa-tonga-676-tee-red-front.webp,https://www.polynesianmusicnetwork.com/shop/hires/mmt-676-tee/mate-maa-tonga-676-tee-red-right.webp,https://www.polynesianmusicnetwork.com/shop/hires/mmt-676-tee/mate-maa-tonga-676-tee-red-front-left.webp	in_stock	45.00 USD	PMN+	new	212	Mate Ma'a Tonga > Tees	unisex	adult	Red	L	US	100% cotton	US	RLWC 2026
mate-maa-tonga-676-tee-red-xl	mate-maa-tonga-676-tee	Mate Ma'a Tonga 676 Tee – Red – XL	The 676 tee in Tonga red. A large MATE MA'A TONGA 676 print fills the back, with a Six·Seven·Six badge on the chest and a PMN+ badge on the sleeve. 676 is Tonga's international calling code, worn as a mark of home. Printed on a 5.3 oz 100% cotton midweight tee with a regular fit, S to 5XL.	https://www.polynesianmusicnetwork.com/shop/mate-maa-tonga-676-tee-red?size=XL	https://www.polynesianmusicnetwork.com/shop/hires/mmt-676-tee/mate-maa-tonga-676-tee-red-back.webp	https://www.polynesianmusicnetwork.com/shop/hires/mmt-676-tee/mate-maa-tonga-676-tee-red-front.webp,https://www.polynesianmusicnetwork.com/shop/hires/mmt-676-tee/mate-maa-tonga-676-tee-red-right.webp,https://www.polynesianmusicnetwork.com/shop/hires/mmt-676-tee/mate-maa-tonga-676-tee-red-front-left.webp	in_stock	45.00 USD	PMN+	new	212	Mate Ma'a Tonga > Tees	unisex	adult	Red	XL	US	100% cotton	US	RLWC 2026
mate-maa-tonga-676-tee-red-2xl	mate-maa-tonga-676-tee	Mate Ma'a Tonga 676 Tee – Red – 2XL	The 676 tee in Tonga red. A large MATE MA'A TONGA 676 print fills the back, with a Six·Seven·Six badge on the chest and a PMN+ badge on the sleeve. 676 is Tonga's international calling code, worn as a mark of home. Printed on a 5.3 oz 100% cotton midweight tee with a regular fit, S to 5XL.	https://www.polynesianmusicnetwork.com/shop/mate-maa-tonga-676-tee-red?size=2XL	https://www.polynesianmusicnetwork.com/shop/hires/mmt-676-tee/mate-maa-tonga-676-tee-red-back.webp	https://www.polynesianmusicnetwork.com/shop/hires/mmt-676-tee/mate-maa-tonga-676-tee-red-front.webp,https://www.polynesianmusicnetwork.com/shop/hires/mmt-676-tee/mate-maa-tonga-676-tee-red-right.webp,https://www.polynesianmusicnetwork.com/shop/hires/mmt-676-tee/mate-maa-tonga-676-tee-red-front-left.webp	in_stock	45.00 USD	PMN+	new	212	Mate Ma'a Tonga > Tees	unisex	adult	Red	2XL	US	100% cotton	US	RLWC 2026
mate-maa-tonga-676-tee-red-3xl	mate-maa-tonga-676-tee	Mate Ma'a Tonga 676 Tee – Red – 3XL	The 676 tee in Tonga red. A large MATE MA'A TONGA 676 print fills the back, with a Six·Seven·Six badge on the chest and a PMN+ badge on the sleeve. 676 is Tonga's international calling code, worn as a mark of home. Printed on a 5.3 oz 100% cotton midweight tee with a regular fit, S to 5XL.	https://www.polynesianmusicnetwork.com/shop/mate-maa-tonga-676-tee-red?size=3XL	https://www.polynesianmusicnetwork.com/shop/hires/mmt-676-tee/mate-maa-tonga-676-tee-red-back.webp	https://www.polynesianmusicnetwork.com/shop/hires/mmt-676-tee/mate-maa-tonga-676-tee-red-front.webp,https://www.polynesianmusicnetwork.com/shop/hires/mmt-676-tee/mate-maa-tonga-676-tee-red-right.webp,https://www.polynesianmusicnetwork.com/shop/hires/mmt-676-tee/mate-maa-tonga-676-tee-red-front-left.webp	in_stock	45.00 USD	PMN+	new	212	Mate Ma'a Tonga > Tees	unisex	adult	Red	3XL	US	100% cotton	US	RLWC 2026
mate-maa-tonga-676-tee-red-4xl	mate-maa-tonga-676-tee	Mate Ma'a Tonga 676 Tee – Red – 4XL	The 676 tee in Tonga red. A large MATE MA'A TONGA 676 print fills the back, with a Six·Seven·Six badge on the chest and a PMN+ badge on the sleeve. 676 is Tonga's international calling code, worn as a mark of home. Printed on a 5.3 oz 100% cotton midweight tee with a regular fit, S to 5XL.	https://www.polynesianmusicnetwork.com/shop/mate-maa-tonga-676-tee-red?size=4XL	https://www.polynesianmusicnetwork.com/shop/hires/mmt-676-tee/mate-maa-tonga-676-tee-red-back.webp	https://www.polynesianmusicnetwork.com/shop/hires/mmt-676-tee/mate-maa-tonga-676-tee-red-front.webp,https://www.polynesianmusicnetwork.com/shop/hires/mmt-676-tee/mate-maa-tonga-676-tee-red-right.webp,https://www.polynesianmusicnetwork.com/shop/hires/mmt-676-tee/mate-maa-tonga-676-tee-red-front-left.webp	in_stock	45.00 USD	PMN+	new	212	Mate Ma'a Tonga > Tees	unisex	adult	Red	4XL	US	100% cotton	US	RLWC 2026
mate-maa-tonga-676-tee-red-5xl	mate-maa-tonga-676-tee	Mate Ma'a Tonga 676 Tee – Red – 5XL	The 676 tee in Tonga red. A large MATE MA'A TONGA 676 print fills the back, with a Six·Seven·Six badge on the chest and a PMN+ badge on the sleeve. 676 is Tonga's international calling code, worn as a mark of home. Printed on a 5.3 oz 100% cotton midweight tee with a regular fit, S to 5XL.	https://www.polynesianmusicnetwork.com/shop/mate-maa-tonga-676-tee-red?size=5XL	https://www.polynesianmusicnetwork.com/shop/hires/mmt-676-tee/mate-maa-tonga-676-tee-red-back.webp	https://www.polynesianmusicnetwork.com/shop/hires/mmt-676-tee/mate-maa-tonga-676-tee-red-front.webp,https://www.polynesianmusicnetwork.com/shop/hires/mmt-676-tee/mate-maa-tonga-676-tee-red-right.webp,https://www.polynesianmusicnetwork.com/shop/hires/mmt-676-tee/mate-maa-tonga-676-tee-red-front-left.webp	in_stock	45.00 USD	PMN+	new	212	Mate Ma'a Tonga > Tees	unisex	adult	Red	5XL	US	100% cotton	US	RLWC 2026
toa-samoa-685-tee-royal-blue-s	toa-samoa-685-tee	Toa Samoa 685 Tee – Royal Blue – S	The 685 tee in royal blue. A large TOA SAMOA 685 print in white fills the back, with a Six·Eight·Five badge on the chest and a PMN+ badge on the sleeve. 685 is Samoa's international calling code, worn as a mark of home. Printed on a 5.3 oz 100% cotton midweight tee with a regular fit, S to 5XL.	https://www.polynesianmusicnetwork.com/shop/toa-samoa-685-tee-royal-blue?size=S	https://www.polynesianmusicnetwork.com/shop/hires/toa-685-tee/toa-samoa-685-tee-royal-blue-back.webp	https://www.polynesianmusicnetwork.com/shop/hires/toa-685-tee/toa-samoa-685-tee-royal-blue-front.webp,https://www.polynesianmusicnetwork.com/shop/hires/toa-685-tee/toa-samoa-685-tee-royal-blue-right.webp,https://www.polynesianmusicnetwork.com/shop/hires/toa-685-tee/toa-samoa-685-tee-royal-blue-front-left.webp	in_stock	45.00 USD	PMN+	new	212	Toa Samoa > Tees	unisex	adult	Royal Blue	S	US	100% cotton	US	RLWC 2026
toa-samoa-685-tee-royal-blue-m	toa-samoa-685-tee	Toa Samoa 685 Tee – Royal Blue – M	The 685 tee in royal blue. A large TOA SAMOA 685 print in white fills the back, with a Six·Eight·Five badge on the chest and a PMN+ badge on the sleeve. 685 is Samoa's international calling code, worn as a mark of home. Printed on a 5.3 oz 100% cotton midweight tee with a regular fit, S to 5XL.	https://www.polynesianmusicnetwork.com/shop/toa-samoa-685-tee-royal-blue?size=M	https://www.polynesianmusicnetwork.com/shop/hires/toa-685-tee/toa-samoa-685-tee-royal-blue-back.webp	https://www.polynesianmusicnetwork.com/shop/hires/toa-685-tee/toa-samoa-685-tee-royal-blue-front.webp,https://www.polynesianmusicnetwork.com/shop/hires/toa-685-tee/toa-samoa-685-tee-royal-blue-right.webp,https://www.polynesianmusicnetwork.com/shop/hires/toa-685-tee/toa-samoa-685-tee-royal-blue-front-left.webp	in_stock	45.00 USD	PMN+	new	212	Toa Samoa > Tees	unisex	adult	Royal Blue	M	US	100% cotton	US	RLWC 2026
toa-samoa-685-tee-royal-blue-l	toa-samoa-685-tee	Toa Samoa 685 Tee – Royal Blue – L	The 685 tee in royal blue. A large TOA SAMOA 685 print in white fills the back, with a Six·Eight·Five badge on the chest and a PMN+ badge on the sleeve. 685 is Samoa's international calling code, worn as a mark of home. Printed on a 5.3 oz 100% cotton midweight tee with a regular fit, S to 5XL.	https://www.polynesianmusicnetwork.com/shop/toa-samoa-685-tee-royal-blue?size=L	https://www.polynesianmusicnetwork.com/shop/hires/toa-685-tee/toa-samoa-685-tee-royal-blue-back.webp	https://www.polynesianmusicnetwork.com/shop/hires/toa-685-tee/toa-samoa-685-tee-royal-blue-front.webp,https://www.polynesianmusicnetwork.com/shop/hires/toa-685-tee/toa-samoa-685-tee-royal-blue-right.webp,https://www.polynesianmusicnetwork.com/shop/hires/toa-685-tee/toa-samoa-685-tee-royal-blue-front-left.webp	in_stock	45.00 USD	PMN+	new	212	Toa Samoa > Tees	unisex	adult	Royal Blue	L	US	100% cotton	US	RLWC 2026
toa-samoa-685-tee-royal-blue-xl	toa-samoa-685-tee	Toa Samoa 685 Tee – Royal Blue – XL	The 685 tee in royal blue. A large TOA SAMOA 685 print in white fills the back, with a Six·Eight·Five badge on the chest and a PMN+ badge on the sleeve. 685 is Samoa's international calling code, worn as a mark of home. Printed on a 5.3 oz 100% cotton midweight tee with a regular fit, S to 5XL.	https://www.polynesianmusicnetwork.com/shop/toa-samoa-685-tee-royal-blue?size=XL	https://www.polynesianmusicnetwork.com/shop/hires/toa-685-tee/toa-samoa-685-tee-royal-blue-back.webp	https://www.polynesianmusicnetwork.com/shop/hires/toa-685-tee/toa-samoa-685-tee-royal-blue-front.webp,https://www.polynesianmusicnetwork.com/shop/hires/toa-685-tee/toa-samoa-685-tee-royal-blue-right.webp,https://www.polynesianmusicnetwork.com/shop/hires/toa-685-tee/toa-samoa-685-tee-royal-blue-front-left.webp	in_stock	45.00 USD	PMN+	new	212	Toa Samoa > Tees	unisex	adult	Royal Blue	XL	US	100% cotton	US	RLWC 2026
toa-samoa-685-tee-royal-blue-2xl	toa-samoa-685-tee	Toa Samoa 685 Tee – Royal Blue – 2XL	The 685 tee in royal blue. A large TOA SAMOA 685 print in white fills the back, with a Six·Eight·Five badge on the chest and a PMN+ badge on the sleeve. 685 is Samoa's international calling code, worn as a mark of home. Printed on a 5.3 oz 100% cotton midweight tee with a regular fit, S to 5XL.	https://www.polynesianmusicnetwork.com/shop/toa-samoa-685-tee-royal-blue?size=2XL	https://www.polynesianmusicnetwork.com/shop/hires/toa-685-tee/toa-samoa-685-tee-royal-blue-back.webp	https://www.polynesianmusicnetwork.com/shop/hires/toa-685-tee/toa-samoa-685-tee-royal-blue-front.webp,https://www.polynesianmusicnetwork.com/shop/hires/toa-685-tee/toa-samoa-685-tee-royal-blue-right.webp,https://www.polynesianmusicnetwork.com/shop/hires/toa-685-tee/toa-samoa-685-tee-royal-blue-front-left.webp	in_stock	45.00 USD	PMN+	new	212	Toa Samoa > Tees	unisex	adult	Royal Blue	2XL	US	100% cotton	US	RLWC 2026
toa-samoa-685-tee-royal-blue-3xl	toa-samoa-685-tee	Toa Samoa 685 Tee – Royal Blue – 3XL	The 685 tee in royal blue. A large TOA SAMOA 685 print in white fills the back, with a Six·Eight·Five badge on the chest and a PMN+ badge on the sleeve. 685 is Samoa's international calling code, worn as a mark of home. Printed on a 5.3 oz 100% cotton midweight tee with a regular fit, S to 5XL.	https://www.polynesianmusicnetwork.com/shop/toa-samoa-685-tee-royal-blue?size=3XL	https://www.polynesianmusicnetwork.com/shop/hires/toa-685-tee/toa-samoa-685-tee-royal-blue-back.webp	https://www.polynesianmusicnetwork.com/shop/hires/toa-685-tee/toa-samoa-685-tee-royal-blue-front.webp,https://www.polynesianmusicnetwork.com/shop/hires/toa-685-tee/toa-samoa-685-tee-royal-blue-right.webp,https://www.polynesianmusicnetwork.com/shop/hires/toa-685-tee/toa-samoa-685-tee-royal-blue-front-left.webp	in_stock	45.00 USD	PMN+	new	212	Toa Samoa > Tees	unisex	adult	Royal Blue	3XL	US	100% cotton	US	RLWC 2026
toa-samoa-685-tee-royal-blue-4xl	toa-samoa-685-tee	Toa Samoa 685 Tee – Royal Blue – 4XL	The 685 tee in royal blue. A large TOA SAMOA 685 print in white fills the back, with a Six·Eight·Five badge on the chest and a PMN+ badge on the sleeve. 685 is Samoa's international calling code, worn as a mark of home. Printed on a 5.3 oz 100% cotton midweight tee with a regular fit, S to 5XL.	https://www.polynesianmusicnetwork.com/shop/toa-samoa-685-tee-royal-blue?size=4XL	https://www.polynesianmusicnetwork.com/shop/hires/toa-685-tee/toa-samoa-685-tee-royal-blue-back.webp	https://www.polynesianmusicnetwork.com/shop/hires/toa-685-tee/toa-samoa-685-tee-royal-blue-front.webp,https://www.polynesianmusicnetwork.com/shop/hires/toa-685-tee/toa-samoa-685-tee-royal-blue-right.webp,https://www.polynesianmusicnetwork.com/shop/hires/toa-685-tee/toa-samoa-685-tee-royal-blue-front-left.webp	in_stock	45.00 USD	PMN+	new	212	Toa Samoa > Tees	unisex	adult	Royal Blue	4XL	US	100% cotton	US	RLWC 2026
toa-samoa-685-tee-royal-blue-5xl	toa-samoa-685-tee	Toa Samoa 685 Tee – Royal Blue – 5XL	The 685 tee in royal blue. A large TOA SAMOA 685 print in white fills the back, with a Six·Eight·Five badge on the chest and a PMN+ badge on the sleeve. 685 is Samoa's international calling code, worn as a mark of home. Printed on a 5.3 oz 100% cotton midweight tee with a regular fit, S to 5XL.	https://www.polynesianmusicnetwork.com/shop/toa-samoa-685-tee-royal-blue?size=5XL	https://www.polynesianmusicnetwork.com/shop/hires/toa-685-tee/toa-samoa-685-tee-royal-blue-back.webp	https://www.polynesianmusicnetwork.com/shop/hires/toa-685-tee/toa-samoa-685-tee-royal-blue-front.webp,https://www.polynesianmusicnetwork.com/shop/hires/toa-685-tee/toa-samoa-685-tee-royal-blue-right.webp,https://www.polynesianmusicnetwork.com/shop/hires/toa-685-tee/toa-samoa-685-tee-royal-blue-front-left.webp	in_stock	45.00 USD	PMN+	new	212	Toa Samoa > Tees	unisex	adult	Royal Blue	5XL	US	100% cotton	US	RLWC 2026
mate-maa-tonga-silver-blackout-tee-black-s	mate-maa-tonga-silver-blackout-tee-black	Mate Ma'a Tonga Silver Blackout Tee – Black/Silver – S	A tonal blackout tee for Mate Ma'a Tonga: grey prints on black for a quieter way to rep Tonga. A vertical 676 runs down the back with the PMN+ mark. Printed on a 5.3 oz 100% cotton midweight tee with a regular fit, S to 5XL.	https://www.polynesianmusicnetwork.com/shop/mate-maa-tonga-silver-blackout-tee-black?size=S	https://www.polynesianmusicnetwork.com/shop/hires/mmt-silver-blackout/mate-maa-tonga-silver-blackout-tee-black-front.webp	https://www.polynesianmusicnetwork.com/shop/hires/mmt-silver-blackout/mate-maa-tonga-silver-blackout-tee-black-right.webp,https://www.polynesianmusicnetwork.com/shop/hires/mmt-silver-blackout/mate-maa-tonga-silver-blackout-tee-black-back.webp,https://www.polynesianmusicnetwork.com/shop/hires/mmt-silver-blackout/mate-maa-tonga-silver-blackout-tee-black-front-left.webp	in_stock	45.00 USD	PMN+	new	212	Mate Ma'a Tonga > Tees	unisex	adult	Black/Silver	S	US	100% cotton	US	RLWC 2026
mate-maa-tonga-silver-blackout-tee-black-m	mate-maa-tonga-silver-blackout-tee-black	Mate Ma'a Tonga Silver Blackout Tee – Black/Silver – M	A tonal blackout tee for Mate Ma'a Tonga: grey prints on black for a quieter way to rep Tonga. A vertical 676 runs down the back with the PMN+ mark. Printed on a 5.3 oz 100% cotton midweight tee with a regular fit, S to 5XL.	https://www.polynesianmusicnetwork.com/shop/mate-maa-tonga-silver-blackout-tee-black?size=M	https://www.polynesianmusicnetwork.com/shop/hires/mmt-silver-blackout/mate-maa-tonga-silver-blackout-tee-black-front.webp	https://www.polynesianmusicnetwork.com/shop/hires/mmt-silver-blackout/mate-maa-tonga-silver-blackout-tee-black-right.webp,https://www.polynesianmusicnetwork.com/shop/hires/mmt-silver-blackout/mate-maa-tonga-silver-blackout-tee-black-back.webp,https://www.polynesianmusicnetwork.com/shop/hires/mmt-silver-blackout/mate-maa-tonga-silver-blackout-tee-black-front-left.webp	in_stock	45.00 USD	PMN+	new	212	Mate Ma'a Tonga > Tees	unisex	adult	Black/Silver	M	US	100% cotton	US	RLWC 2026
mate-maa-tonga-silver-blackout-tee-black-l	mate-maa-tonga-silver-blackout-tee-black	Mate Ma'a Tonga Silver Blackout Tee – Black/Silver – L	A tonal blackout tee for Mate Ma'a Tonga: grey prints on black for a quieter way to rep Tonga. A vertical 676 runs down the back with the PMN+ mark. Printed on a 5.3 oz 100% cotton midweight tee with a regular fit, S to 5XL.	https://www.polynesianmusicnetwork.com/shop/mate-maa-tonga-silver-blackout-tee-black?size=L	https://www.polynesianmusicnetwork.com/shop/hires/mmt-silver-blackout/mate-maa-tonga-silver-blackout-tee-black-front.webp	https://www.polynesianmusicnetwork.com/shop/hires/mmt-silver-blackout/mate-maa-tonga-silver-blackout-tee-black-right.webp,https://www.polynesianmusicnetwork.com/shop/hires/mmt-silver-blackout/mate-maa-tonga-silver-blackout-tee-black-back.webp,https://www.polynesianmusicnetwork.com/shop/hires/mmt-silver-blackout/mate-maa-tonga-silver-blackout-tee-black-front-left.webp	in_stock	45.00 USD	PMN+	new	212	Mate Ma'a Tonga > Tees	unisex	adult	Black/Silver	L	US	100% cotton	US	RLWC 2026
mate-maa-tonga-silver-blackout-tee-black-xl	mate-maa-tonga-silver-blackout-tee-black	Mate Ma'a Tonga Silver Blackout Tee – Black/Silver – XL	A tonal blackout tee for Mate Ma'a Tonga: grey prints on black for a quieter way to rep Tonga. A vertical 676 runs down the back with the PMN+ mark. Printed on a 5.3 oz 100% cotton midweight tee with a regular fit, S to 5XL.	https://www.polynesianmusicnetwork.com/shop/mate-maa-tonga-silver-blackout-tee-black?size=XL	https://www.polynesianmusicnetwork.com/shop/hires/mmt-silver-blackout/mate-maa-tonga-silver-blackout-tee-black-front.webp	https://www.polynesianmusicnetwork.com/shop/hires/mmt-silver-blackout/mate-maa-tonga-silver-blackout-tee-black-right.webp,https://www.polynesianmusicnetwork.com/shop/hires/mmt-silver-blackout/mate-maa-tonga-silver-blackout-tee-black-back.webp,https://www.polynesianmusicnetwork.com/shop/hires/mmt-silver-blackout/mate-maa-tonga-silver-blackout-tee-black-front-left.webp	in_stock	45.00 USD	PMN+	new	212	Mate Ma'a Tonga > Tees	unisex	adult	Black/Silver	XL	US	100% cotton	US	RLWC 2026
mate-maa-tonga-silver-blackout-tee-black-2xl	mate-maa-tonga-silver-blackout-tee-black	Mate Ma'a Tonga Silver Blackout Tee – Black/Silver – 2XL	A tonal blackout tee for Mate Ma'a Tonga: grey prints on black for a quieter way to rep Tonga. A vertical 676 runs down the back with the PMN+ mark. Printed on a 5.3 oz 100% cotton midweight tee with a regular fit, S to 5XL.	https://www.polynesianmusicnetwork.com/shop/mate-maa-tonga-silver-blackout-tee-black?size=2XL	https://www.polynesianmusicnetwork.com/shop/hires/mmt-silver-blackout/mate-maa-tonga-silver-blackout-tee-black-front.webp	https://www.polynesianmusicnetwork.com/shop/hires/mmt-silver-blackout/mate-maa-tonga-silver-blackout-tee-black-right.webp,https://www.polynesianmusicnetwork.com/shop/hires/mmt-silver-blackout/mate-maa-tonga-silver-blackout-tee-black-back.webp,https://www.polynesianmusicnetwork.com/shop/hires/mmt-silver-blackout/mate-maa-tonga-silver-blackout-tee-black-front-left.webp	in_stock	45.00 USD	PMN+	new	212	Mate Ma'a Tonga > Tees	unisex	adult	Black/Silver	2XL	US	100% cotton	US	RLWC 2026
mate-maa-tonga-silver-blackout-tee-black-3xl	mate-maa-tonga-silver-blackout-tee-black	Mate Ma'a Tonga Silver Blackout Tee – Black/Silver – 3XL	A tonal blackout tee for Mate Ma'a Tonga: grey prints on black for a quieter way to rep Tonga. A vertical 676 runs down the back with the PMN+ mark. Printed on a 5.3 oz 100% cotton midweight tee with a regular fit, S to 5XL.	https://www.polynesianmusicnetwork.com/shop/mate-maa-tonga-silver-blackout-tee-black?size=3XL	https://www.polynesianmusicnetwork.com/shop/hires/mmt-silver-blackout/mate-maa-tonga-silver-blackout-tee-black-front.webp	https://www.polynesianmusicnetwork.com/shop/hires/mmt-silver-blackout/mate-maa-tonga-silver-blackout-tee-black-right.webp,https://www.polynesianmusicnetwork.com/shop/hires/mmt-silver-blackout/mate-maa-tonga-silver-blackout-tee-black-back.webp,https://www.polynesianmusicnetwork.com/shop/hires/mmt-silver-blackout/mate-maa-tonga-silver-blackout-tee-black-front-left.webp	in_stock	45.00 USD	PMN+	new	212	Mate Ma'a Tonga > Tees	unisex	adult	Black/Silver	3XL	US	100% cotton	US	RLWC 2026
mate-maa-tonga-silver-blackout-tee-black-4xl	mate-maa-tonga-silver-blackout-tee-black	Mate Ma'a Tonga Silver Blackout Tee – Black/Silver – 4XL	A tonal blackout tee for Mate Ma'a Tonga: grey prints on black for a quieter way to rep Tonga. A vertical 676 runs down the back with the PMN+ mark. Printed on a 5.3 oz 100% cotton midweight tee with a regular fit, S to 5XL.	https://www.polynesianmusicnetwork.com/shop/mate-maa-tonga-silver-blackout-tee-black?size=4XL	https://www.polynesianmusicnetwork.com/shop/hires/mmt-silver-blackout/mate-maa-tonga-silver-blackout-tee-black-front.webp	https://www.polynesianmusicnetwork.com/shop/hires/mmt-silver-blackout/mate-maa-tonga-silver-blackout-tee-black-right.webp,https://www.polynesianmusicnetwork.com/shop/hires/mmt-silver-blackout/mate-maa-tonga-silver-blackout-tee-black-back.webp,https://www.polynesianmusicnetwork.com/shop/hires/mmt-silver-blackout/mate-maa-tonga-silver-blackout-tee-black-front-left.webp	in_stock	45.00 USD	PMN+	new	212	Mate Ma'a Tonga > Tees	unisex	adult	Black/Silver	4XL	US	100% cotton	US	RLWC 2026
mate-maa-tonga-silver-blackout-tee-black-5xl	mate-maa-tonga-silver-blackout-tee-black	Mate Ma'a Tonga Silver Blackout Tee – Black/Silver – 5XL	A tonal blackout tee for Mate Ma'a Tonga: grey prints on black for a quieter way to rep Tonga. A vertical 676 runs down the back with the PMN+ mark. Printed on a 5.3 oz 100% cotton midweight tee with a regular fit, S to 5XL.	https://www.polynesianmusicnetwork.com/shop/mate-maa-tonga-silver-blackout-tee-black?size=5XL	https://www.polynesianmusicnetwork.com/shop/hires/mmt-silver-blackout/mate-maa-tonga-silver-blackout-tee-black-front.webp	https://www.polynesianmusicnetwork.com/shop/hires/mmt-silver-blackout/mate-maa-tonga-silver-blackout-tee-black-right.webp,https://www.polynesianmusicnetwork.com/shop/hires/mmt-silver-blackout/mate-maa-tonga-silver-blackout-tee-black-back.webp,https://www.polynesianmusicnetwork.com/shop/hires/mmt-silver-blackout/mate-maa-tonga-silver-blackout-tee-black-front-left.webp	in_stock	45.00 USD	PMN+	new	212	Mate Ma'a Tonga > Tees	unisex	adult	Black/Silver	5XL	US	100% cotton	US	RLWC 2026
toa-samoa-silver-blackout-tee-black-s	toa-samoa-silver-blackout-tee-black	Toa Samoa Silver Blackout Tee – Black/Silver – S	A tonal blackout tee for Toa Samoa: O Ai Le Toa Samoa across the chest in grey with the flag and crest, and a vertical 685 down the back with the PMN+ mark. Printed on a 5.3 oz 100% cotton midweight tee with a regular fit, S to 5XL.	https://www.polynesianmusicnetwork.com/shop/toa-samoa-silver-blackout-tee-black?size=S	https://www.polynesianmusicnetwork.com/shop/hires/toa-silver-blackout/toa-samoa-silver-blackout-tee-black-front.webp	https://www.polynesianmusicnetwork.com/shop/hires/toa-silver-blackout/toa-samoa-silver-blackout-tee-black-right.webp,https://www.polynesianmusicnetwork.com/shop/hires/toa-silver-blackout/toa-samoa-silver-blackout-tee-black-back.webp	in_stock	45.00 USD	PMN+	new	212	Toa Samoa > Tees	unisex	adult	Black/Silver	S	US	100% cotton	US	RLWC 2026
toa-samoa-silver-blackout-tee-black-m	toa-samoa-silver-blackout-tee-black	Toa Samoa Silver Blackout Tee – Black/Silver – M	A tonal blackout tee for Toa Samoa: O Ai Le Toa Samoa across the chest in grey with the flag and crest, and a vertical 685 down the back with the PMN+ mark. Printed on a 5.3 oz 100% cotton midweight tee with a regular fit, S to 5XL.	https://www.polynesianmusicnetwork.com/shop/toa-samoa-silver-blackout-tee-black?size=M	https://www.polynesianmusicnetwork.com/shop/hires/toa-silver-blackout/toa-samoa-silver-blackout-tee-black-front.webp	https://www.polynesianmusicnetwork.com/shop/hires/toa-silver-blackout/toa-samoa-silver-blackout-tee-black-right.webp,https://www.polynesianmusicnetwork.com/shop/hires/toa-silver-blackout/toa-samoa-silver-blackout-tee-black-back.webp	in_stock	45.00 USD	PMN+	new	212	Toa Samoa > Tees	unisex	adult	Black/Silver	M	US	100% cotton	US	RLWC 2026
toa-samoa-silver-blackout-tee-black-l	toa-samoa-silver-blackout-tee-black	Toa Samoa Silver Blackout Tee – Black/Silver – L	A tonal blackout tee for Toa Samoa: O Ai Le Toa Samoa across the chest in grey with the flag and crest, and a vertical 685 down the back with the PMN+ mark. Printed on a 5.3 oz 100% cotton midweight tee with a regular fit, S to 5XL.	https://www.polynesianmusicnetwork.com/shop/toa-samoa-silver-blackout-tee-black?size=L	https://www.polynesianmusicnetwork.com/shop/hires/toa-silver-blackout/toa-samoa-silver-blackout-tee-black-front.webp	https://www.polynesianmusicnetwork.com/shop/hires/toa-silver-blackout/toa-samoa-silver-blackout-tee-black-right.webp,https://www.polynesianmusicnetwork.com/shop/hires/toa-silver-blackout/toa-samoa-silver-blackout-tee-black-back.webp	in_stock	45.00 USD	PMN+	new	212	Toa Samoa > Tees	unisex	adult	Black/Silver	L	US	100% cotton	US	RLWC 2026
toa-samoa-silver-blackout-tee-black-xl	toa-samoa-silver-blackout-tee-black	Toa Samoa Silver Blackout Tee – Black/Silver – XL	A tonal blackout tee for Toa Samoa: O Ai Le Toa Samoa across the chest in grey with the flag and crest, and a vertical 685 down the back with the PMN+ mark. Printed on a 5.3 oz 100% cotton midweight tee with a regular fit, S to 5XL.	https://www.polynesianmusicnetwork.com/shop/toa-samoa-silver-blackout-tee-black?size=XL	https://www.polynesianmusicnetwork.com/shop/hires/toa-silver-blackout/toa-samoa-silver-blackout-tee-black-front.webp	https://www.polynesianmusicnetwork.com/shop/hires/toa-silver-blackout/toa-samoa-silver-blackout-tee-black-right.webp,https://www.polynesianmusicnetwork.com/shop/hires/toa-silver-blackout/toa-samoa-silver-blackout-tee-black-back.webp	in_stock	45.00 USD	PMN+	new	212	Toa Samoa > Tees	unisex	adult	Black/Silver	XL	US	100% cotton	US	RLWC 2026
toa-samoa-silver-blackout-tee-black-2xl	toa-samoa-silver-blackout-tee-black	Toa Samoa Silver Blackout Tee – Black/Silver – 2XL	A tonal blackout tee for Toa Samoa: O Ai Le Toa Samoa across the chest in grey with the flag and crest, and a vertical 685 down the back with the PMN+ mark. Printed on a 5.3 oz 100% cotton midweight tee with a regular fit, S to 5XL.	https://www.polynesianmusicnetwork.com/shop/toa-samoa-silver-blackout-tee-black?size=2XL	https://www.polynesianmusicnetwork.com/shop/hires/toa-silver-blackout/toa-samoa-silver-blackout-tee-black-front.webp	https://www.polynesianmusicnetwork.com/shop/hires/toa-silver-blackout/toa-samoa-silver-blackout-tee-black-right.webp,https://www.polynesianmusicnetwork.com/shop/hires/toa-silver-blackout/toa-samoa-silver-blackout-tee-black-back.webp	in_stock	45.00 USD	PMN+	new	212	Toa Samoa > Tees	unisex	adult	Black/Silver	2XL	US	100% cotton	US	RLWC 2026
toa-samoa-silver-blackout-tee-black-3xl	toa-samoa-silver-blackout-tee-black	Toa Samoa Silver Blackout Tee – Black/Silver – 3XL	A tonal blackout tee for Toa Samoa: O Ai Le Toa Samoa across the chest in grey with the flag and crest, and a vertical 685 down the back with the PMN+ mark. Printed on a 5.3 oz 100% cotton midweight tee with a regular fit, S to 5XL.	https://www.polynesianmusicnetwork.com/shop/toa-samoa-silver-blackout-tee-black?size=3XL	https://www.polynesianmusicnetwork.com/shop/hires/toa-silver-blackout/toa-samoa-silver-blackout-tee-black-front.webp	https://www.polynesianmusicnetwork.com/shop/hires/toa-silver-blackout/toa-samoa-silver-blackout-tee-black-right.webp,https://www.polynesianmusicnetwork.com/shop/hires/toa-silver-blackout/toa-samoa-silver-blackout-tee-black-back.webp	in_stock	45.00 USD	PMN+	new	212	Toa Samoa > Tees	unisex	adult	Black/Silver	3XL	US	100% cotton	US	RLWC 2026
toa-samoa-silver-blackout-tee-black-4xl	toa-samoa-silver-blackout-tee-black	Toa Samoa Silver Blackout Tee – Black/Silver – 4XL	A tonal blackout tee for Toa Samoa: O Ai Le Toa Samoa across the chest in grey with the flag and crest, and a vertical 685 down the back with the PMN+ mark. Printed on a 5.3 oz 100% cotton midweight tee with a regular fit, S to 5XL.	https://www.polynesianmusicnetwork.com/shop/toa-samoa-silver-blackout-tee-black?size=4XL	https://www.polynesianmusicnetwork.com/shop/hires/toa-silver-blackout/toa-samoa-silver-blackout-tee-black-front.webp	https://www.polynesianmusicnetwork.com/shop/hires/toa-silver-blackout/toa-samoa-silver-blackout-tee-black-right.webp,https://www.polynesianmusicnetwork.com/shop/hires/toa-silver-blackout/toa-samoa-silver-blackout-tee-black-back.webp	in_stock	45.00 USD	PMN+	new	212	Toa Samoa > Tees	unisex	adult	Black/Silver	4XL	US	100% cotton	US	RLWC 2026
toa-samoa-silver-blackout-tee-black-5xl	toa-samoa-silver-blackout-tee-black	Toa Samoa Silver Blackout Tee – Black/Silver – 5XL	A tonal blackout tee for Toa Samoa: O Ai Le Toa Samoa across the chest in grey with the flag and crest, and a vertical 685 down the back with the PMN+ mark. Printed on a 5.3 oz 100% cotton midweight tee with a regular fit, S to 5XL.	https://www.polynesianmusicnetwork.com/shop/toa-samoa-silver-blackout-tee-black?size=5XL	https://www.polynesianmusicnetwork.com/shop/hires/toa-silver-blackout/toa-samoa-silver-blackout-tee-black-front.webp	https://www.polynesianmusicnetwork.com/shop/hires/toa-silver-blackout/toa-samoa-silver-blackout-tee-black-right.webp,https://www.polynesianmusicnetwork.com/shop/hires/toa-silver-blackout/toa-samoa-silver-blackout-tee-black-back.webp	in_stock	45.00 USD	PMN+	new	212	Toa Samoa > Tees	unisex	adult	Black/Silver	5XL	US	100% cotton	US	RLWC 2026
mate-maa-tonga-trucker-snapback-black-one-size	mate-maa-tonga-trucker-snapback-black	Mate Ma'a Tonga Trucker Snapback – Black	A black mesh-back trucker with an arched Mate Ma'a Tonga 2026 print and the crest on the front panel. Curved bill, breathable mesh side and back panels and an adjustable snap closure. One size fits most.	https://www.polynesianmusicnetwork.com/shop/mate-maa-tonga-trucker-snapback-black	https://www.polynesianmusicnetwork.com/shop/hires/mmt-trucker/mate-maa-tonga-trucker-snapback-black-front-right.webp	https://www.polynesianmusicnetwork.com/shop/hires/mmt-trucker/mate-maa-tonga-trucker-snapback-black-front.webp,https://www.polynesianmusicnetwork.com/shop/hires/mmt-trucker/mate-maa-tonga-trucker-snapback-black-front-left.webp	in_stock	35.00 USD	PMN+	new	173	Mate Ma'a Tonga > Hats	unisex	adult	Black	One size	US		US	RLWC 2026
toa-samoa-trucker-snapback-black-one-size	toa-samoa-trucker-snapback-black	Toa Samoa Trucker Snapback – Black	A black mesh-back trucker with an arched Toa Samoa 2026 print and the crest on the front panel. Curved bill, breathable mesh side and back panels and an adjustable snap closure. One size fits most.	https://www.polynesianmusicnetwork.com/shop/toa-samoa-trucker-snapback-black	https://www.polynesianmusicnetwork.com/shop/hires/toa-trucker/toa-samoa-trucker-snapback-black-front-right.webp	https://www.polynesianmusicnetwork.com/shop/hires/toa-trucker/toa-samoa-trucker-snapback-black-front.webp	in_stock	35.00 USD	PMN+	new	173	Toa Samoa > Hats	unisex	adult	Black	One size	US		US	RLWC 2026
pmn-plus-logo-tee-black-s	pmn-plus-logo-tee-black	PMN+ Logo Tee – Black – S	The PMN+ core tee in black, with the PMN+ circle logo on the left chest and a clean back. An everyday tee from the Pasifika media platform. Printed on a 5.3 oz 100% cotton midweight tee with a regular fit, from S to 5XL at one price.	https://www.polynesianmusicnetwork.com/shop/pmn-plus-logo-tee-black?size=S	https://www.polynesianmusicnetwork.com/shop/hires/pmn-tee/pmn-plus-logo-tee-black-front.webp	https://www.polynesianmusicnetwork.com/shop/hires/pmn-tee/pmn-plus-logo-tee-black-back.webp	in_stock	45.00 USD	PMN+	new	212	PMN+ > Tees	unisex	adult	Black	S	US	100% cotton	US	PMN+
pmn-plus-logo-tee-black-m	pmn-plus-logo-tee-black	PMN+ Logo Tee – Black – M	The PMN+ core tee in black, with the PMN+ circle logo on the left chest and a clean back. An everyday tee from the Pasifika media platform. Printed on a 5.3 oz 100% cotton midweight tee with a regular fit, from S to 5XL at one price.	https://www.polynesianmusicnetwork.com/shop/pmn-plus-logo-tee-black?size=M	https://www.polynesianmusicnetwork.com/shop/hires/pmn-tee/pmn-plus-logo-tee-black-front.webp	https://www.polynesianmusicnetwork.com/shop/hires/pmn-tee/pmn-plus-logo-tee-black-back.webp	in_stock	45.00 USD	PMN+	new	212	PMN+ > Tees	unisex	adult	Black	M	US	100% cotton	US	PMN+
pmn-plus-logo-tee-black-l	pmn-plus-logo-tee-black	PMN+ Logo Tee – Black – L	The PMN+ core tee in black, with the PMN+ circle logo on the left chest and a clean back. An everyday tee from the Pasifika media platform. Printed on a 5.3 oz 100% cotton midweight tee with a regular fit, from S to 5XL at one price.	https://www.polynesianmusicnetwork.com/shop/pmn-plus-logo-tee-black?size=L	https://www.polynesianmusicnetwork.com/shop/hires/pmn-tee/pmn-plus-logo-tee-black-front.webp	https://www.polynesianmusicnetwork.com/shop/hires/pmn-tee/pmn-plus-logo-tee-black-back.webp	in_stock	45.00 USD	PMN+	new	212	PMN+ > Tees	unisex	adult	Black	L	US	100% cotton	US	PMN+
pmn-plus-logo-tee-black-xl	pmn-plus-logo-tee-black	PMN+ Logo Tee – Black – XL	The PMN+ core tee in black, with the PMN+ circle logo on the left chest and a clean back. An everyday tee from the Pasifika media platform. Printed on a 5.3 oz 100% cotton midweight tee with a regular fit, from S to 5XL at one price.	https://www.polynesianmusicnetwork.com/shop/pmn-plus-logo-tee-black?size=XL	https://www.polynesianmusicnetwork.com/shop/hires/pmn-tee/pmn-plus-logo-tee-black-front.webp	https://www.polynesianmusicnetwork.com/shop/hires/pmn-tee/pmn-plus-logo-tee-black-back.webp	in_stock	45.00 USD	PMN+	new	212	PMN+ > Tees	unisex	adult	Black	XL	US	100% cotton	US	PMN+
pmn-plus-logo-tee-black-2xl	pmn-plus-logo-tee-black	PMN+ Logo Tee – Black – 2XL	The PMN+ core tee in black, with the PMN+ circle logo on the left chest and a clean back. An everyday tee from the Pasifika media platform. Printed on a 5.3 oz 100% cotton midweight tee with a regular fit, from S to 5XL at one price.	https://www.polynesianmusicnetwork.com/shop/pmn-plus-logo-tee-black?size=2XL	https://www.polynesianmusicnetwork.com/shop/hires/pmn-tee/pmn-plus-logo-tee-black-front.webp	https://www.polynesianmusicnetwork.com/shop/hires/pmn-tee/pmn-plus-logo-tee-black-back.webp	in_stock	45.00 USD	PMN+	new	212	PMN+ > Tees	unisex	adult	Black	2XL	US	100% cotton	US	PMN+
pmn-plus-logo-tee-black-3xl	pmn-plus-logo-tee-black	PMN+ Logo Tee – Black – 3XL	The PMN+ core tee in black, with the PMN+ circle logo on the left chest and a clean back. An everyday tee from the Pasifika media platform. Printed on a 5.3 oz 100% cotton midweight tee with a regular fit, from S to 5XL at one price.	https://www.polynesianmusicnetwork.com/shop/pmn-plus-logo-tee-black?size=3XL	https://www.polynesianmusicnetwork.com/shop/hires/pmn-tee/pmn-plus-logo-tee-black-front.webp	https://www.polynesianmusicnetwork.com/shop/hires/pmn-tee/pmn-plus-logo-tee-black-back.webp	in_stock	45.00 USD	PMN+	new	212	PMN+ > Tees	unisex	adult	Black	3XL	US	100% cotton	US	PMN+
pmn-plus-logo-tee-black-4xl	pmn-plus-logo-tee-black	PMN+ Logo Tee – Black – 4XL	The PMN+ core tee in black, with the PMN+ circle logo on the left chest and a clean back. An everyday tee from the Pasifika media platform. Printed on a 5.3 oz 100% cotton midweight tee with a regular fit, from S to 5XL at one price.	https://www.polynesianmusicnetwork.com/shop/pmn-plus-logo-tee-black?size=4XL	https://www.polynesianmusicnetwork.com/shop/hires/pmn-tee/pmn-plus-logo-tee-black-front.webp	https://www.polynesianmusicnetwork.com/shop/hires/pmn-tee/pmn-plus-logo-tee-black-back.webp	in_stock	45.00 USD	PMN+	new	212	PMN+ > Tees	unisex	adult	Black	4XL	US	100% cotton	US	PMN+
pmn-plus-logo-tee-black-5xl	pmn-plus-logo-tee-black	PMN+ Logo Tee – Black – 5XL	The PMN+ core tee in black, with the PMN+ circle logo on the left chest and a clean back. An everyday tee from the Pasifika media platform. Printed on a 5.3 oz 100% cotton midweight tee with a regular fit, from S to 5XL at one price.	https://www.polynesianmusicnetwork.com/shop/pmn-plus-logo-tee-black?size=5XL	https://www.polynesianmusicnetwork.com/shop/hires/pmn-tee/pmn-plus-logo-tee-black-front.webp	https://www.polynesianmusicnetwork.com/shop/hires/pmn-tee/pmn-plus-logo-tee-black-back.webp	in_stock	45.00 USD	PMN+	new	212	PMN+ > Tees	unisex	adult	Black	5XL	US	100% cotton	US	PMN+
pmn-plus-trucker-hat-black-one-size	pmn-plus-trucker-hat-black	PMN+ Trucker Hat – Black	The PMN+ core trucker in black, with the PMN+ circle logo on the front panel. Curved bill, breathable mesh side and back panels and an adjustable snap closure. One size fits most.	https://www.polynesianmusicnetwork.com/shop/pmn-plus-trucker-hat-black	https://www.polynesianmusicnetwork.com/shop/hires/pmn-trucker/pmn-plus-trucker-hat-black-front-right.webp	https://www.polynesianmusicnetwork.com/shop/hires/pmn-trucker/pmn-plus-trucker-hat-black-front-left.webp,https://www.polynesianmusicnetwork.com/shop/hires/pmn-trucker/pmn-plus-trucker-hat-black-front.webp	in_stock	35.00 USD	PMN+	new	173	PMN+ > Hats	unisex	adult	Black	One size	US		US	PMN+
pmn-plus-classic-dad-hat-khaki-one-size	pmn-plus-classic-dad-hat-khaki	PMN+ Classic Dad Hat – Khaki	The PMN+ Classic Dad Hat in khaki, with the PMN+ Community · Culture · Connection seal embroidered in white on the front. An exclusive run, available only while stocks last. 100% cotton, unstructured low-profile crown, curved bill and an adjustable strap with a metal buckle. One size fits most.	https://www.polynesianmusicnetwork.com/shop/pmn-plus-classic-dad-hat-khaki	https://www.polynesianmusicnetwork.com/shop/hires/pmn-dad-hat/pmn-plus-classic-dad-hat-khaki-front-right.webp	https://www.polynesianmusicnetwork.com/shop/hires/pmn-dad-hat/pmn-plus-classic-dad-hat-khaki-front.webp,https://www.polynesianmusicnetwork.com/shop/hires/pmn-dad-hat/pmn-plus-classic-dad-hat-khaki-right.webp,https://www.polynesianmusicnetwork.com/shop/hires/pmn-dad-hat/pmn-plus-classic-dad-hat-khaki-back-right.webp,https://www.polynesianmusicnetwork.com/shop/hires/pmn-dad-hat/pmn-plus-classic-dad-hat-khaki-back.webp,https://www.polynesianmusicnetwork.com/shop/hires/pmn-dad-hat/pmn-plus-classic-dad-hat-khaki-back-left.webp,https://www.polynesianmusicnetwork.com/shop/hires/pmn-dad-hat/pmn-plus-classic-dad-hat-khaki-left.webp,https://www.polynesianmusicnetwork.com/shop/hires/pmn-dad-hat/pmn-plus-classic-dad-hat-khaki-front-left.webp	in_stock	35.00 USD	PMN+	new	173	PMN+ > Hats	unisex	adult	Khaki	One size	US		US	PMN+
